Date	Kind	Model	Max Mode	Input (w/ Cache Write)	Input (w/o Cache Write)	Cache Read	Output Tokens	Total Tokens	Cost
2025-12-01T21:32:38.909Z	Free	composer-1	No	0	2349	0	117	2466	0.00
2025-12-01T21:30:45.765Z	Free	composer-1	No	11112	2864	800	651	15427	0.00
2025-12-01T21:29:18.836Z	Free	composer-1	No	13866	2572	16608	1263	34309	0.00
2025-12-01T19:06:01.227Z	Included	auto	No	53032	0	303696	1401	358129	0.15
2025-12-01T18:49:58.480Z	Included	claude-4.5-opus-high-thinking	No	60786	4044	559474	4281	628585	0.47
2025-12-01T18:41:09.997Z	Included	claude-4.5-opus-high-thinking	No	46077	244	415931	2429	464681	0.33
2025-12-01T18:34:51.143Z	Included	claude-4.5-opus-high-thinking	No	39746	762	169535	1851	211894	0.23
2025-12-01T18:26:34.753Z	Errored, No Charge	claude-4.5-opus-high-thinking	No	34423	1022	289046	2443	326934	0.26
2025-12-01T18:11:44.101Z	Included	claude-4.5-opus-high-thinking	No	184867	855	2540734	4806	2731262	1.53
2025-12-01T17:29:17.580Z	Included	claude-4.5-opus-high-thinking	No	175384	2621	200412	576	378993	0.73
2025-12-01T16:59:52.900Z	Included	claude-4.5-opus-high-thinking	No	3256	194	1105490	1189	1110129	0.36
2025-12-01T16:55:17.261Z	Included	claude-4.5-opus-high-thinking	No	168811	182	377194	1395	547582	0.77
2025-12-01T16:49:37.750Z	Included	claude-4.5-opus-high-thinking	No	165651	2311	361955	2516	532433	0.77
2025-12-01T16:30:21.610Z	Included	claude-4.5-opus-high-thinking	No	156463	1584	2023771	2903	2184721	1.24
2025-12-01T16:06:40.884Z	Included	claude-4.5-opus-high-thinking	No	148216	1148	962421	4193	1115978	0.91
2025-12-01T15:48:58.949Z	Included	claude-4.5-opus-high-thinking	No	2485	177	910935	1286	914883	0.30
2025-12-01T15:48:14.367Z	Included	claude-4.5-opus-high-thinking	No	2275	140	606043	590	609048	0.20
2025-12-01T15:46:56.365Z	Included	claude-4.5-opus-high-thinking	No	2813	400	445905	889	450007	0.16
2025-12-01T15:45:02.740Z	Included	claude-4.5-opus-high-thinking	No	3113	705	436912	578	441308	0.15
2025-12-01T15:39:59.549Z	Included	claude-4.5-opus-high-thinking	No	130737	1071	1808719	5825	1946352	1.12
2025-12-01T15:28:03.878Z	Included	claude-4.5-opus-high-thinking	No	115802	762	267796	2738	387098	0.56
2025-12-01T15:16:53.941Z	Included	claude-4.5-opus-high-thinking	No	1156	657	248707	246	250766	0.08
2025-12-01T15:15:33.020Z	Included	claude-4.5-opus-high-thinking	No	10287	3391	479484	1023	494185	0.21
2025-12-01T15:12:04.122Z	Included	claude-4.5-opus-high-thinking	No	107376	6538	370306	982	485202	0.55
2025-12-01T15:03:21.672Z	Included	claude-4.5-opus-high-thinking	No	6560	153	769157	2538	778408	0.29
2025-12-01T15:01:06.784Z	Included	claude-4.5-opus-high-thinking	No	93185	2164	431746	1751	528846	0.51
2025-12-01T14:49:48.884Z	Included	claude-4.5-opus-high-thinking	No	3873	3059	200363	806	208101	0.10
2025-12-01T14:44:57.974Z	Included	claude-4.5-opus-high-thinking	No	86062	128	210026	542	296758	0.39
2025-12-01T12:42:14.702Z	Included	claude-4.5-opus-high-thinking	No	1899	795	287832	382	290908	0.10
2025-12-01T12:31:20.293Z	Included	claude-4.5-opus-high-thinking	No	90525	804	1150212	6702	1248243	0.79
2025-12-01T12:25:54.281Z	Included	claude-4.5-opus-high-thinking	No	67065	1136	247679	2446	318326	0.37
2025-12-01T11:56:10.504Z	Included	claude-4.5-opus-high-thinking	No	60482	521	695216	4917	761136	0.51
2025-12-01T11:30:23.782Z	Included	claude-4.5-opus-high-thinking	No	0	258	61152	576	61986	0.03
2025-12-01T11:27:51.763Z	Included	claude-4.5-opus-high-thinking	No	47084	215	14068	587	61954	0.19
2025-12-01T11:20:47.703Z	Included	claude-4.5-opus-high-thinking	No	45428	293	14068	1372	61161	0.20
2025-12-01T11:15:35.159Z	Included	claude-4.5-opus-high-thinking	No	44914	156	14068	360	59498	0.18
2025-12-01T11:00:20.980Z	Included	claude-4.5-opus-high-thinking	No	3908	2313	109993	1139	117353	0.07
2025-12-01T10:59:53.506Z	Included	claude-4.5-opus-high-thinking	No	40574	565	14068	146	55353	0.16
2025-12-01T10:48:45.003Z	Included	claude-4.5-opus-high-thinking	No	38025	1927	14068	631	54651	0.16
2025-12-01T10:21:00.314Z	Included	claude-4.5-opus-high-thinking	No	36439	415	14068	1181	52103	0.16
2025-12-01T10:03:44.798Z	Included	claude-4.5-opus-high-thinking	No	0	221	50127	161	50509	0.02
2025-12-01T10:01:44.774Z	Included	claude-4.5-opus-high-thinking	No	36059	181	14068	349	50657	0.15
2025-12-01T09:50:17.141Z	Included	claude-4.5-opus-high-thinking	No	35605	356	14068	100	50129	0.14
2025-12-01T09:36:42.209Z	Included	claude-4.5-opus-high-thinking	No	35181	324	14068	102	49675	0.14
2025-12-01T09:13:06.200Z	Included	claude-4.5-opus-high-thinking	No	34859	159	58676	1076	94770	0.16
2025-12-01T09:06:22.368Z	Included	claude-4.5-opus-high-thinking	No	134	278	43780	420	44612	0.02
2025-12-01T09:05:36.025Z	Included	claude-4.5-opus-high-thinking	No	29712	69	57392	339	87512	0.13
2025-12-01T08:57:56.991Z	Included	claude-4.5-opus-high-thinking	No	27701	668	14068	892	43329	0.12
2025-12-01T08:47:08.587Z	Included	claude-4.5-opus-high-thinking	No	4612	427	231477	2336	238852	0.12
2025-12-01T08:45:28.880Z	Included	claude-4.5-opus-high-thinking	No	23471	361	50737	654	75223	0.11
2025-12-01T08:20:36.295Z	Included	claude-4.5-opus-high-thinking	No	19911	1655	14068	1046	36680	0.10
2025-12-01T07:52:03.260Z	Included	claude-4.5-opus-high-thinking	No	1026	186	31904	870	33986	0.03
2025-12-01T07:47:31.535Z	Included	claude-4.5-opus-high-thinking	No	17836	274	14068	761	32939	0.08
2025-12-01T07:37:43.514Z	Included	claude-4.5-opus-high-thinking	No	15269	1822	14068	749	31908	0.08
2025-11-29T18:17:33.746Z	Included	claude-4.5-opus-high-thinking	No	2473	200	387219	580	390472	0.13
2025-11-29T18:14:20.266Z	Included	claude-4.5-opus-high-thinking	No	4891	357	1529580	2182	1537010	0.51
2025-11-29T18:10:00.346Z	Included	claude-4.5-opus-high-thinking	No	174464	772	14068	507	189811	0.67
2025-11-29T17:59:19.369Z	Included	claude-4.5-opus-high-thinking	No	172984	986	14068	496	188534	0.66
2025-11-29T17:32:14.088Z	Included	claude-4.5-opus-high-thinking	No	171691	881	14068	414	187054	0.66
2025-11-29T17:20:34.359Z	Included	claude-4.5-opus-high-thinking	No	171646	298	199147	157	371248	0.71
2025-11-29T17:13:28.696Z	Included	claude-4.5-opus-high-thinking	No	168204	2145	14068	665	185082	0.65
2025-11-29T17:04:04.293Z	Included	claude-4.5-opus-high-thinking	No	2990	878	900281	2051	906200	0.31
2025-11-29T17:00:51.373Z	Included	claude-4.5-opus-high-thinking	No	2509	1306	709698	999	714512	0.24
2025-11-29T16:56:46.424Z	Included	claude-4.5-opus-high-thinking	No	162255	829	189250	350	352684	0.67
2025-11-29T16:38:07.180Z	Included	claude-4.5-opus-high-thinking	No	160978	1815	705226	1040	869059	0.84
2025-11-29T14:18:13.412Z	Included	claude-4.5-opus-high-thinking	No	155809	2027	1682803	3479	1844118	1.15
2025-11-29T13:51:54.756Z	Included	claude-4.5-sonnet-thinking	No	135189	3728	593708	1627	734252	0.72
2025-11-28T17:11:26.276Z	Included	claude-4.5-opus-high-thinking	No	139653	2215	469515	783	612166	0.68
2025-11-28T16:42:11.557Z	Included	claude-4.5-opus-high-thinking	No	135577	2359	1036142	4372	1178450	0.89
2025-11-28T16:32:05.381Z	Included	claude-4.5-opus-high-thinking	No	2634	145	555547	1090	559416	0.19
2025-11-28T16:28:45.667Z	Included	claude-4.5-opus-high-thinking	No	123816	803	285398	1489	411506	0.57
2025-11-28T16:23:00.039Z	Included	claude-4.5-opus-high-thinking	No	120752	2998	943668	3133	1070551	0.79
2025-11-28T16:16:58.032Z	Included	claude-4.5-opus-high-thinking	No	6297	895	742126	1789	751107	0.28
2025-11-28T16:12:00.569Z	Included	claude-4.5-opus-high-thinking	No	107169	1055	487185	3459	598868	0.60
2025-11-28T16:00:20.716Z	Included	claude-4.5-opus-high-thinking	No	99385	1553	787866	4521	893325	0.68
2025-11-28T15:46:17.053Z	Included	claude-4.5-opus-high-thinking	No	91136	832	610987	4528	707483	0.60
2025-11-28T15:32:07.224Z	Included	claude-4.5-opus-high-thinking	No	82174	901	11757	317	95149	0.32
2025-11-28T15:26:15.554Z	Included	claude-4.5-opus-high-thinking	No	1408	812	184981	457	187658	0.07
2025-11-28T15:22:45.206Z	Included	claude-4.5-opus-high-thinking	No	8987	990	355651	1280	366908	0.16
2025-11-28T15:17:35.878Z	Included	claude-4.5-opus-high-thinking	No	77033	2114	602029	5565	686741	0.56
2025-11-28T15:03:21.295Z	Included	claude-4.5-opus-high-thinking	No	65964	881	1104278	5283	1176406	0.66
2025-11-28T14:56:17.981Z	Included	claude-4.5-opus-high-thinking	No	48499	888	70515	667	120569	0.22
2025-11-28T14:48:03.904Z	Included	claude-4.5-opus-high-thinking	No	46682	769	292139	2090	341680	0.30
2025-11-28T14:40:41.740Z	Included	claude-4.5-opus-high-thinking	No	2671	721	307622	1071	312085	0.12
2025-11-28T14:38:17.319Z	Included	claude-4.5-opus-high-thinking	No	38206	734	155101	2760	196801	0.23
2025-11-28T14:28:50.851Z	Included	claude-4.5-opus-high-thinking	No	33822	3950	184784	2992	225548	0.24
2025-11-28T14:12:55.093Z	Included	claude-4.5-opus-high-thinking	No	26461	2444	119298	1523	149726	0.17
2025-11-28T14:02:00.999Z	Included	claude-4.5-opus-high-thinking	No	19863	3337	70107	947	94254	0.12
2025-11-27T18:53:00.334Z	Included	claude-4.5-opus-high-thinking	No	50399	3081	70417	441	124338	0.23
2025-11-27T18:42:55.894Z	Included	claude-4.5-opus-high-thinking	No	4909	117	164798	3662	173486	0.12
2025-11-27T18:40:27.526Z	Included	claude-4.5-opus-high-thinking	No	41673	726	11757	498	54654	0.17
2025-11-27T18:24:32.916Z	Included	claude-4.5-opus-high-thinking	No	231	178	52412	614	53435	0.03
2025-11-27T18:20:38.023Z	Included	claude-4.5-opus-high-thinking	No	40655	810	62804	555	104824	0.18
2025-11-27T17:43:35.629Z	Included	claude-4.5-opus-high-thinking	No	37486	823	11757	983	51049	0.16
2025-11-27T16:39:13.623Z	Included	claude-4.5-opus-high-thinking	No	11356	734	134220	438	146748	0.09
2025-11-27T16:37:02.820Z	Included	claude-4.5-opus-high-thinking	No	1016	102	207694	420	209232	0.07
2025-11-27T16:36:01.684Z	Included	claude-4.5-opus-high-thinking	No	91871	1100	215080	943	308994	0.43
2025-11-27T15:59:09.952Z	Included	claude-4.5-opus-high-thinking	No	61951	625	429949	1805	494330	0.39
2025-11-27T15:55:32.130Z	Included	claude-4.5-opus-high-thinking	No	26037	57976	11757	533	96303	0.28
2025-11-27T15:50:58.930Z	Included	claude-4.5-opus-high-thinking	No	1801	860	567786	682	571129	0.19
2025-11-27T15:47:30.503Z	Included	claude-4.5-opus-high-thinking	No	28015	830	850759	2296	881900	0.40
2025-11-27T15:46:30.481Z	Included	claude-4.5-opus-high-thinking	No	9897	869	310056	499	321321	0.14
2025-11-27T15:41:45.750Z	Included	claude-4.5-opus-high-thinking	No	147474	1033	476848	3382	628737	0.75
2025-11-27T15:32:16.528Z	Included	claude-4.5-opus-high-thinking	No	7591	958	589091	1403	599043	0.23
2025-11-27T15:26:36.558Z	Included	claude-4.5-opus-high-thinking	No	135537	843	593245	2632	732257	0.73
2025-11-27T10:02:21.832Z	Included	claude-4.5-opus-high-thinking	No	872	151	140945	1003	142971	0.06
2025-11-27T09:58:38.267Z	Included	claude-4.5-opus-high-thinking	No	13111	158	1353103	6450	1372822	0.55
2025-11-27T09:56:30.055Z	Included	claude-4.5-opus-high-thinking	No	116832	905	748264	2952	868953	0.71
2025-11-27T09:29:21.977Z	Included	claude-4.5-opus-high-thinking	No	106344	1056	477996	1054	586450	0.56
2025-11-27T08:47:16.226Z	Included	claude-4.5-opus-high-thinking	No	102902	256	1075855	12400	1191413	0.90
2025-11-27T08:41:46.699Z	Included	claude-4.5-opus-high-thinking	No	82115	1410	11757	805	96087	0.33
2025-11-27T08:17:39.617Z	Included	claude-4.5-opus-high-thinking	No	81531	10785	700608	11819	804743	0.73
2025-11-27T07:40:38.465Z	Included	claude-4.5-opus-high-thinking	No	52625	982	624622	4868	683097	0.46
2025-11-27T07:32:55.957Z	Included	claude-4.5-opus-high-thinking	No	32077	1858	530986	6153	571074	0.38
2025-11-27T07:06:59.079Z	Included	claude-4.5-opus-high-thinking	No	20393	644	105080	871	126988	0.12
2025-11-26T20:25:02.478Z	Included	claude-4.5-opus-high-thinking	No	89812	1648	312882	1558	405900	0.46
2025-11-26T20:00:01.565Z	Included	claude-4.5-opus-high-thinking	No	85623	932	294581	4171	385307	0.47
2025-11-26T19:42:06.617Z	Included	claude-4.5-opus-high-thinking	No	77912	4378	271808	3157	357255	0.43
2025-11-26T15:32:49.598Z	Included	claude-4.5-opus-high-thinking	No	70088	2159	643029	3013	718289	0.51
2025-11-26T03:24:01.402Z	Included	claude-4.5-opus-high-thinking	No	61970	3236	154204	3067	222477	0.33
2025-11-26T03:15:44.563Z	Included	claude-4.5-opus-high-thinking	No	2103	628	267566	835	271132	0.10
2025-11-26T03:12:57.942Z	Included	claude-4.5-opus-high-thinking	No	53792	9268	293311	11788	368159	0.49
2025-11-26T02:58:46.445Z	Included	claude-4.5-opus-high-thinking	No	26914	595	86150	3721	117380	0.18
2025-11-26T02:39:25.254Z	Included	claude-4.5-opus-high-thinking	No	8428	569	152202	4757	165956	0.15
2025-11-26T02:35:16.762Z	Included	claude-4.5-opus-high-thinking	No	14076	1854	81740	3576	101246	0.14
2025-11-26T02:26:58.917Z	Included	claude-4.5-opus-high-thinking	No	7160	20	48003	3084	58267	0.09
2025-11-23T14:36:19.831Z	Included	agent_review	No	238538	79	2255046	8179	2501842	0.55
2025-11-23T14:36:07.951Z	Errored, No Charge	agent_review	No	0	0	0	0	0	0.00
2025-11-23T14:33:30.706Z	Included	auto	No	73341	0	308404	2439	384184	0.18
2025-11-23T14:31:22.188Z	Included	auto	No	64398	0	141568	1749	207715	0.13
2025-11-21T09:23:09.429Z	Included	auto	No	40682	0	297472	1466	339620	0.13
2025-11-21T09:15:21.805Z	Included	auto	No	6949	0	314880	1560	323389	0.10
2025-11-21T08:55:23.598Z	Included	auto	No	96456	0	207616	1110	305182	0.18
2025-11-21T07:26:22.555Z	Included	auto	No	92196	0	199168	646	292010	0.17
2025-11-21T06:46:21.376Z	Included	auto	No	89615	0	192256	1752	283623	0.17
2025-11-20T20:45:14.382Z	Included	auto	No	85517	0	688128	7031	780676	0.32
2025-11-20T17:51:49.840Z	Included	auto	No	67368	0	150784	465	218617	0.12
2025-11-20T15:50:49.810Z	Included	auto	No	16748	0	195072	658	212478	0.07
2025-11-20T15:29:50.011Z	Included	auto	No	60754	0	592384	7730	660868	0.27
2025-11-20T12:16:38.354Z	Included	auto	No	48183	0	100352	5460	153995	0.12
2025-11-20T11:33:19.545Z	Included	auto	No	34797	0	112384	3787	150968	0.09
2025-11-20T11:16:42.802Z	Included	auto	No	1815	0	67328	495	69638	0.02
2025-11-20T10:52:10.949Z	Included	auto	No	3417	0	123136	1369	127922	0.04
2025-11-20T10:31:14.858Z	Included	auto	No	9399	0	78080	5320	92799	0.06
2025-11-20T10:28:56.522Z	Included	auto	No	5198	0	26368	977	32543	0.02
2025-11-19T11:26:20.770Z	Included	auto	No	53365	0	537551	7613	598529	0.25
2025-11-19T11:18:46.022Z	Included	auto	No	179818	0	6269	563	186650	0.23
2025-11-19T11:05:21.142Z	Included	auto	No	177240	0	530642	3830	711712	0.38
2025-11-17T20:01:58.913Z	Included	auto	No	160606	0	589493	13920	764019	0.36
2025-11-17T18:05:14.573Z	Included	auto	No	16256	0	380149	1110	397515	0.12
2025-11-17T17:59:27.000Z	Included	auto	No	124084	0	355283	1713	481080	0.22
2025-11-17T16:07:26.980Z	Included	auto	No	124425	0	600780	4144	729349	0.29
2025-11-17T16:03:21.592Z	Included	auto	No	47819	0	379213	11434	438466	0.19
2025-11-17T16:00:28.654Z	Included	auto	No	59928	0	93565	1241	154734	0.09
2025-11-17T15:49:02.770Z	Included	auto	No	20776	0	228668	3699	253143	0.09
2025-11-17T15:42:52.962Z	Included	auto	No	69136	0	340158	2928	412222	0.17
2025-11-17T15:25:06.724Z	Included	auto	No	173817	5916	4031429	21106	4232268	1.26
2025-11-17T11:25:26.998Z	Included	auto	No	108168	0	643035	7392	758595	0.30
2025-11-17T11:10:15.174Z	Included	auto	No	90334	18905	228455	2940	340634	0.16
2025-11-17T10:58:21.979Z	Included	auto	No	17962	0	458622	6045	482629	0.16
2025-11-17T10:51:03.369Z	Included	auto	No	12623	0	374411	5770	392804	0.13
2025-11-17T10:34:21.116Z	Included	auto	No	27735	2276	239572	14953	284536	0.16
2025-11-17T10:24:57.115Z	Included	auto	No	23582	0	117718	1407	142707	0.06
2025-11-17T10:05:52.707Z	Included	auto	No	18506	4771	96522	4178	123977	0.06
2025-11-16T18:30:25.736Z	Included	auto	No	0	67536	138368	850	206754	0.12
2025-11-16T18:21:32.600Z	Included	auto	No	0	3188	131328	559	135075	0.04
2025-11-16T17:42:34.323Z	Included	auto	No	0	10523	120192	1780	132495	0.05
2025-11-16T17:35:31.380Z	Included	auto	No	0	4214	121600	1115	126929	0.04
2025-11-16T17:23:19.056Z	Included	auto	No	0	51244	188160	1244	240648	0.12
2025-11-16T16:56:12.574Z	Included	auto	No	0	49531	180864	2132	232527	0.12
2025-11-16T16:30:29.337Z	Included	auto	No	0	13217	159872	1536	174625	0.07
2025-11-16T16:19:46.465Z	Included	auto	No	0	7151	379648	2168	388967	0.12
2025-11-16T15:58:58.894Z	Included	auto	No	0	25488	232064	2911	260463	0.11
2025-11-16T15:29:31.193Z	Included	auto	No	0	31980	409344	2609	443933	0.16
2025-11-16T14:58:53.612Z	Included	auto	No	0	18003	294400	4721	317124	0.12
2025-11-16T14:57:48.994Z	Included	auto	No	0	4934	102528	516	107978	0.03
2025-11-16T14:52:35.620Z	Included	auto	No	0	466	25472	505	26443	0.01
2025-11-16T14:51:30.775Z	Included	auto	No	0	3608	22016	504	26128	0.01
2025-11-16T14:41:52.056Z	Included	auto	No	0	2961	70272	2341	75574	0.04
2025-11-16T14:40:46.456Z	Included	auto	No	0	6502	61952	1567	70021	0.03
2025-11-16T14:30:28.454Z	Included	auto	No	0	11002	30848	1681	43531	0.03
2025-11-16T14:21:56.436Z	Included	auto	No	0	3458	34560	846	38864	0.02
2025-11-16T14:01:07.768Z	Included	auto	No	0	5363	28544	1354	35261	0.02
2025-11-16T12:54:38.122Z	Included	auto	No	0	225	14592	1802	16619	0.01
2025-11-16T12:52:29.618Z	Included	auto	No	0	2380	12416	1048	15844	0.01
2025-11-16T11:54:49.469Z	Included	auto	No	0	689	12416	1379	14484	0.01
2025-11-15T13:52:16.152Z	Included	auto	No	0	315	168704	310	169329	0.04
2025-11-15T13:50:49.235Z	Included	auto	No	0	969	167808	152	168929	0.04
2025-11-15T13:47:27.320Z	Included	auto	No	0	1162	166784	603	168549	0.05
2025-11-15T13:44:14.101Z	Included	auto	No	0	481	166400	942	167823	0.05
2025-11-15T13:41:12.942Z	Included	auto	No	0	518	499456	240	500214	0.13
2025-11-15T13:39:45.541Z	Included	auto	No	0	232	166144	38	166414	0.04
2025-11-15T13:36:06.159Z	Included	auto	No	0	11218	155008	58	166284	0.05
2025-11-15T13:34:07.666Z	Included	auto	No	0	160210	326016	351	486577	0.28
2025-11-15T13:30:52.078Z	Included	auto	No	0	3808	1386752	1598	1392158	0.36
2025-11-15T13:26:09.325Z	Included	auto	No	0	632	151296	693	152621	0.04
2025-11-15T12:39:42.807Z	Included	auto	No	0	677	150784	360	151821	0.04
2025-11-15T12:35:47.611Z	Included	auto	No	0	848	150016	488	151352	0.04
2025-11-15T12:26:21.648Z	Included	auto	No	0	144141	6016	577	150734	0.19
2025-11-14T00:44:04.589Z	Included	auto	No	2575	1627	322302	531	327035	0.09
2025-11-14T00:37:41.625Z	Included	auto	No	7950	1065	622629	2709	634353	0.18
2025-11-14T00:33:02.212Z	Included	auto	No	5481	773	594594	4040	604888	0.18
2025-11-14T00:30:39.202Z	Included	auto	No	4062	1586	290034	1840	297522	0.09
2025-11-14T00:26:50.442Z	Included	auto	No	3064	1890	284454	1525	290933	0.09
2025-11-14T00:06:07.924Z	Included	auto	No	5484	3967	412953	2337	424741	0.13
2025-11-13T23:52:23.665Z	Included	auto	No	129959	1561	275176	1518	408214	0.24
2025-11-12T19:59:54.936Z	Included	auto	No	126051	1791	519189	2310	649341	0.30
2025-11-12T14:17:25.701Z	Included	auto	No	3044	827	237492	588	241951	0.07
2025-11-12T14:10:37.871Z	Included	auto	No	112442	1979	451635	4525	570581	0.28
2025-11-12T13:50:14.429Z	Included	auto	No	16627	1986	682816	3061	704490	0.21
2025-11-12T13:28:53.447Z	Included	auto	No	10526	1316	248247	2502	262591	0.09
2025-11-12T13:24:10.071Z	Included	auto	No	13355	1554	212977	2134	230020	0.08
2025-11-12T13:10:10.485Z	Included	auto	No	15494	2082	361288	3116	381980	0.13
2025-11-12T13:00:50.111Z	Included	auto	No	217385	2215	1162204	7256	1389060	0.61
2025-11-12T10:30:08.448Z	Included	auto	No	22669	2081	1126202	3828	1154780	0.34
2025-11-12T10:10:13.810Z	Included	auto	No	122284	2867	8094	1211	134456	0.17
2025-11-12T10:08:39.956Z	Included	auto	No	0	1258	1352	18	2628	0.002
2025-11-12T08:48:39.589Z	Included	auto	No	3462	1377	273861	625	279325	0.08
2025-11-12T08:38:14.229Z	Included	auto	No	47890	1928	214319	1601	265738	0.13
2025-11-11T21:40:03.844Z	Included	auto	No	0	8463	481576	1151	491190	0.14
2025-11-11T21:36:12.170Z	Included	auto	No	0	53492	359830	3013	416335	0.17
2025-11-11T21:29:43.157Z	Included	auto	No	0	51274	381943	4750	437967	0.19
2025-11-11T21:01:57.369Z	Included	auto	No	0	3480	86960	4210	94650	0.05
2025-11-11T20:56:11.011Z	Included	auto	No	0	9897	154953	859	165709	0.06
2025-11-11T20:43:27.894Z	Included	auto	No	0	52138	179098	7079	238315	0.15
2025-11-11T20:36:10.330Z	Included	auto	No	0	27841	595435	10839	634115	0.25
2025-11-11T19:29:03.918Z	Included	auto	No	0	324566	72649	10152	407367	0.48
2025-11-11T18:12:55.872Z	Included	auto	No	0	2355	236766	554	239675	0.07
2025-11-11T18:07:37.644Z	Included	auto	No	0	230612	8339	474	239425	0.29
2025-11-11T18:02:00.345Z	Included	auto	No	0	1842	236111	848	238801	0.07
2025-11-11T17:55:01.939Z	Included	auto	No	0	1953	235792	763	238508	0.07
2025-11-11T17:50:51.042Z	Included	auto	No	0	1248	235742	372	237362	0.06
2025-11-11T17:49:42.659Z	Included	auto	No	0	1791	235080	310	237181	0.06
2025-11-11T17:46:17.507Z	Included	auto	No	0	1453	235139	605	237197	0.06
2025-11-11T17:25:06.936Z	Included	auto	No	0	1508	234350	565	236423	0.06
2025-11-11T17:20:38.763Z	Included	auto	No	0	453246	709516	478	1163240	0.75
2025-11-11T16:20:38.393Z	Included	auto	No	0	3975	229962	351	234288	0.06
2025-11-11T16:12:49.831Z	Included	auto	No	0	2333	229470	454	232257	0.06
2025-11-11T15:47:43.516Z	Included	auto	No	0	4051	226817	338	231206	0.06
2025-11-11T15:46:11.643Z	Included	auto	No	0	3655	226841	146	230642	0.06
2025-11-11T15:36:50.125Z	Included	auto	No	0	439883	240394	359	680636	0.61
2025-11-10T20:38:07.647Z	Included	auto	No	0	9478	217992	157	227627	0.07
2025-11-10T20:24:10.312Z	Included	auto	No	0	29253	4529830	3280	4562363	1.19
2025-11-10T20:21:43.588Z	Included	auto	No	0	420501	1501851	580	1922932	0.90
2025-11-10T19:40:31.367Z	Included	auto	No	0	222314	1025802	1477	1249593	0.54
2025-11-10T19:32:41.225Z	Included	auto	No	0	199714	8361	191	208266	0.25
2025-11-10T19:04:25.967Z	Included	auto	No	0	40499	4534052	3689	4578240	1.21
2025-11-10T18:54:11.011Z	Included	auto	No	0	25385	1470127	2872	1498384	0.42
2025-11-10T18:47:38.445Z	Included	auto	No	0	3463	164696	83	168242	0.05
2025-11-10T18:36:39.202Z	Included	auto	No	0	159280	661407	972	821659	0.37
2025-11-10T18:34:50.219Z	Included	auto	No	0	3236	162635	1744	167615	0.06
2025-11-10T18:31:42.879Z	Included	auto	No	0	4057	321573	1082	326712	0.09
2025-11-10T18:25:01.248Z	Included	auto	No	0	153344	166046	274	319664	0.23
2025-11-10T18:21:16.134Z	Included	auto	No	0	1317	159410	337	161064	0.04
2025-11-10T18:20:17.070Z	Included	auto	No	0	4362	156271	175	160808	0.05
2025-11-10T18:04:52.003Z	Included	auto	No	0	156879	470713	1874	629466	0.33
2025-11-10T17:56:33.122Z	Included	auto	No	0	294080	14746	1478	310304	0.38
2025-11-10T17:27:17.718Z	Included	auto	No	0	9972	144838	398	155208	0.05
2025-11-10T17:06:05.878Z	Included	auto	No	0	8910	430838	247	439995	0.12
2025-11-10T17:04:59.185Z	Included	auto	No	0	9603	843170	1190	853963	0.23
2025-11-10T17:02:53.347Z	Included	auto	No	0	9114	966581	1136	976831	0.26
2025-11-10T17:00:49.124Z	Included	auto	No	0	13909	667416	462	681787	0.19
2025-11-10T16:55:08.403Z	Included	auto	No	0	7494	661044	1339	669877	0.18
2025-11-10T16:49:37.163Z	Included	auto	No	0	127668	781476	938	910082	0.36
2025-11-10T16:48:16.938Z	Included	auto	No	0	2699	380435	300	383434	0.10
2025-11-10T16:46:25.440Z	Included	auto	No	0	13118	116140	263	129521	0.05
2025-11-10T16:31:26.073Z	Included	auto	No	0	230851	1697670	4756	1933277	0.74
2025-11-10T12:30:31.624Z	Included	auto	No	0	121572	1470113	8943	1600628	0.57
2025-11-10T12:29:49.266Z	Included	auto	No	0	1334	1364	20	2718	0.002
2025-11-10T07:48:15.672Z	Included	auto	No	0	98119	8384	1793	108296	0.14
2025-11-07T16:29:07.276Z	Included	auto	No	105461	1613	227832	995	335901	0.20
2025-11-07T16:02:21.137Z	Included	auto	No	18404	1855	385574	2781	408614	0.14
2025-11-07T15:23:01.573Z	Included	auto	No	1345	1918	87722	1324	92309	0.03
2025-11-07T15:15:36.423Z	Included	auto	No	5341	2844	252619	1088	261892	0.08
2025-11-07T15:11:31.912Z	Included	auto	No	75706	1130	164147	1731	242714	0.15
2025-11-07T10:01:03.851Z	Included	auto	No	69476	1277	222286	2579	295618	0.16
2025-11-07T07:20:16.181Z	Included	auto	No	234617	168040	249165	35048	686870	0.78
2025-11-06T19:50:08.534Z	Included	auto	No	8559	1884	349246	875	360564	0.11
2025-11-06T19:04:18.292Z	Included	auto	No	165534	1100	494891	1567	663092	0.34
2025-11-06T18:10:26.808Z	Included	auto	No	13683	4496	584117	2229	604525	0.18
2025-11-06T18:05:17.618Z	Included	auto	No	10514	864	537883	1858	551119	0.16
2025-11-06T17:56:28.079Z	Included	auto	No	6103	3047	251840	1285	262275	0.08
2025-11-06T17:54:50.238Z	Included	auto	No	1675	1272	124114	1048	128109	0.04
2025-11-06T17:45:56.704Z	Included	auto	No	4920	1766	483292	1573	491551	0.14
2025-11-06T17:40:41.228Z	Included	auto	No	130227	1710	219413	878	352228	0.23
2025-11-06T17:34:48.226Z	Included	auto	No	20376	1873	618792	2904	643945	0.20
2025-11-06T17:21:02.820Z	Included	auto	No	28212	2101	912187	6954	949454	0.31
2025-11-06T17:11:50.124Z	Included	auto	No	59284	162794	262200	30564	514842	0.53
2025-11-06T16:51:32.867Z	Included	auto	No	25972	1876	1061164	2031	1091043	0.31
2025-11-06T16:39:22.252Z	Included	auto	No	175034	4460	1761241	4485	1945220	0.69
2025-11-06T16:37:13.335Z	Included	auto	No	6612	1130	284973	1657	294372	0.09
2025-11-06T16:07:36.381Z	Included	auto	No	106655	2017	175062	1016	284750	0.19
2025-11-06T16:05:17.646Z	Included	auto	No	14754	1138	260916	350	277158	0.09
2025-11-06T15:39:56.457Z	Included	auto	No	206227	1926	663000	7063	878216	0.47
2025-11-06T15:24:30.924Z	Included	auto	No	28229	2079	789061	1856	821225	0.25
2025-11-06T15:19:22.167Z	Included	auto	No	15842	2214	392798	3514	414368	0.14
2025-11-06T15:06:37.808Z	Included	auto	No	230557	152567	82431	27913	493468	0.67
2025-11-06T12:10:41.185Z	Included	auto	No	15528	1955	324145	1117	342745	0.11
2025-11-06T11:53:39.968Z	Included	auto	No	21324	2346	1219940	4417	1248027	0.36
2025-11-06T11:45:35.630Z	Included	auto	No	15766	1861	845346	3006	865979	0.25
2025-11-06T11:38:10.982Z	Included	auto	No	187563	1578	206839	1159	397139	0.30
2025-11-06T11:25:10.164Z	Included	auto	No	50990	1610	316919	845	370364	0.15
2025-11-06T11:21:49.910Z	Included	auto	No	1106	1684	123065	703	126558	0.04
2025-11-06T11:16:30.050Z	Included	auto	No	15008	2442	334957	1612	354019	0.12
2025-11-06T11:09:59.513Z	Included	auto	No	19949	1992	488173	2879	512993	0.17
2025-11-06T11:01:06.589Z	Included	auto	No	11902	2763	505115	2519	522299	0.16
2025-11-06T10:56:26.578Z	Included	auto	No	27087	1735	128281	797	157900	0.07
2025-11-06T10:43:25.284Z	Included	auto	No	93198	157223	1221077	33980	1505478	0.82
2025-11-06T10:38:27.625Z	Included	auto	No	162527	3159	333226	2100	501012	0.30
2025-11-06T10:25:02.820Z	Included	auto	No	10030	2856	605979	2686	621551	0.18
2025-11-06T10:15:46.340Z	Included	auto	No	99594	2818	190077	2564	295053	0.19
2025-11-06T10:11:28.566Z	Included	auto	No	7530	1799	405433	876	415638	0.12
2025-11-06T10:06:28.775Z	Included	auto	No	86658	2801	302205	2225	393889	0.20
2025-11-06T09:54:29.765Z	Included	auto	No	15644	3400	562881	2848	584773	0.18
2025-11-06T09:31:27.342Z	Included	auto	No	98044	3392	194730	2652	298818	0.19
2025-11-05T18:30:10.867Z	Included	auto	No	2047	1077	86078	440	89642	0.03
2025-11-05T18:23:48.115Z	Included	auto	No	9771	2280	231777	2536	246364	0.09
2025-11-05T18:20:13.384Z	Included	auto	No	0	1177	1321	22	2535	0.002
2025-11-05T18:10:23.804Z	Included	auto	No	14701	2057	190788	2216	209762	0.08
2025-11-05T18:05:43.474Z	Included	auto	No	74933	2081	496191	3496	576701	0.24
2025-11-05T18:00:47.430Z	Included	auto	No	3624	944	224786	964	230318	0.07
2025-11-05T17:56:38.466Z	Included	auto	No	45068	154895	61718	30242	291923	0.45
2025-11-05T17:47:07.790Z	Included	auto	No	21471	4440	353474	3183	382568	0.14
2025-11-05T17:36:37.929Z	Included	auto	No	63912	1818	979489	5118	1050337	0.36
2025-11-05T17:24:42.201Z	Included	auto	No	19204	1692	919312	4728	944936	0.28
2025-11-05T17:21:48.417Z	Included	auto	No	17004	1218	555635	2590	576447	0.18
2025-11-05T17:18:06.214Z	Included	auto	No	13743	1722	642008	2919	660392	0.20
2025-11-05T17:10:59.752Z	Included	auto	No	6626	1768	117279	826	126499	0.04
2025-11-05T17:05:23.108Z	Included	auto	No	257	1491	122086	736	124570	0.04
2025-11-05T17:04:09.985Z	Included	auto	No	0	1073	1321	22	2416	0.002
2025-11-05T16:48:16.147Z	Included	auto	No	18331	1306	642175	4042	665854	0.21
2025-11-05T16:43:22.968Z	Included	auto	No	5760	3133	496073	3299	508265	0.15
2025-11-05T16:42:03.975Z	Included	auto	No	5124	2791	93229	601	101745	0.04
2025-11-05T16:21:33.456Z	Included	auto	No	11335	1518	264427	2973	280253	0.10
2025-11-05T16:18:21.099Z	Included	auto	No	13846	1614	227780	3645	246885	0.10
2025-11-05T16:04:33.757Z	Included	auto	No	75891	150942	524352	31817	783002	0.61
2025-11-05T15:55:49.994Z	Included	auto	No	177851	1445	713578	4268	897142	0.43
2025-11-05T15:12:20.861Z	Included	auto	No	45099	1971	1301808	10627	1359505	0.45
2025-11-05T14:39:44.567Z	Included	auto	No	38286	2166	944985	3635	989072	0.31
2025-11-05T14:20:20.181Z	Included	auto	No	98109	2627	682375	12864	795975	0.37
2025-11-05T12:55:12.563Z	Included	auto	No	51413	97035	162038	22845	333331	0.36
2025-11-05T12:44:30.626Z	Included	auto	No	182207	1683	190267	1998	376155	0.29
2025-11-05T11:57:51.384Z	Included	auto	No	21522	1821	315140	1608	340091	0.12
2025-11-05T11:40:35.365Z	Included	auto	No	156074	2255	466217	2549	627095	0.33
2025-11-04T21:27:42.343Z	Included	auto	No	141013	1204	7817	245	150279	0.18
2025-11-04T21:23:47.168Z	Included	auto	No	40213	1271	655477	3303	700264	0.24
2025-11-04T21:19:25.415Z	Included	auto	No	30188	1784	885787	4215	921974	0.29
2025-11-04T21:09:43.085Z	Included	auto	No	8055	1216	285280	2867	297418	0.10
2025-11-04T21:06:57.979Z	Included	auto	No	2025	1245	92572	349	96191	0.03
2025-11-04T21:04:19.496Z	Included	auto	No	4682	1078	177702	817	184279	0.06
2025-11-04T21:01:05.547Z	Included	auto	No	4999	1328	259503	1200	267030	0.08
2025-11-04T20:58:34.896Z	Included	auto	No	4356	1270	249763	1161	256550	0.08
2025-11-04T20:53:10.269Z	Included	auto	No	14637	1059	288033	4399	308128	0.12
2025-11-04T20:49:20.579Z	Included	auto	No	18989	1423	384727	1355	406494	0.13
2025-11-04T20:42:00.657Z	Included	auto	No	14717	1531	350886	4256	371390	0.13
2025-11-04T20:34:58.624Z	Included	auto	No	43901	153827	268293	19796	485817	0.43
2025-11-04T20:29:19.536Z	Included	auto	No	8993	1428	350933	2755	364109	0.12
2025-11-04T20:26:59.256Z	Included	auto	No	167211	1141	7223	694	176269	0.22
2025-11-04T20:18:01.554Z	Included	auto	No	9246	1091	326448	1265	338050	0.10
2025-11-04T20:13:53.752Z	Included	auto	No	42291	1459	439166	1665	484581	0.17
2025-11-04T19:57:08.155Z	Included	auto	No	27619	1125	1400622	9059	1438425	0.44
2025-11-04T19:21:25.922Z	Included	auto	No	108719	1015	120032	907	230673	0.17
2025-11-04T19:09:46.577Z	Included	auto	No	39287	1874	473393	2616	517170	0.19
2025-11-04T18:45:13.211Z	Included	auto	No	18357	1433	475284	5399	500473	0.18
2025-11-04T18:40:43.301Z	Included	auto	No	954	1372	71817	1091	75234	0.03
2025-11-04T18:37:15.690Z	Included	auto	No	27569	1610	110071	1174	140424	0.07
2025-11-04T18:24:24.711Z	Included	auto	No	106693	167312	1075695	33082	1382782	0.81
2025-11-04T18:23:07.970Z	Included	auto	No	3989	867	355263	734	360853	0.10
2025-11-04T18:19:51.932Z	Included	auto	No	170811	1590	7929	678	181008	0.22
2025-11-04T17:32:21.935Z	Included	auto	No	42533	1543	479474	1979	525529	0.19
2025-11-04T17:18:26.483Z	Included	auto	No	37139	1855	1214505	6225	1259724	0.39
2025-11-04T17:05:47.243Z	Included	auto	No	118518	1808	604194	2193	726713	0.31
2025-11-04T16:36:06.391Z	Included	auto	No	13528	1672	523790	2263	541253	0.16
2025-11-04T16:23:03.745Z	Included	auto	No	257	1559	99047	654	101517	0.03
2025-11-04T16:19:28.565Z	Included	auto	No	10773	1140	190261	581	202755	0.07
2025-11-04T15:51:57.418Z	Included	auto	No	90207	1636	372734	2387	466964	0.22
2025-11-04T13:41:06.446Z	Included	auto	No	79318	2036	634700	3231	719285	0.28
2025-11-04T08:53:08.666Z	Included	auto	No	63544	1611	332796	1726	399677	0.17
2025-11-03T20:15:19.769Z	Included	auto	No	11131	1415	216019	1240	229805	0.08
2025-11-03T19:29:41.534Z	Included	auto	No	44359	1358	103870	1147	150734	0.09
2025-11-03T19:26:43.749Z	Included	auto	No	40788	1566	174840	1883	219077	0.11
2025-11-03T18:52:53.788Z	Included	auto	No	35001	1596	557815	2146	596558	0.20
2025-11-03T18:46:59.010Z	Included	auto	No	1312	887	359165	526	361890	0.10
2025-11-03T18:46:32.596Z	Included	auto	No	1925	1407	178625	436	182393	0.05
2025-11-03T18:42:41.379Z	Included	auto	No	5763	1631	1051139	2047	1060580	0.28
2025-11-03T18:36:22.718Z	Included	auto	No	9091	1720	675856	2323	688990	0.20
2025-11-03T18:32:19.659Z	Included	auto	No	5013	1646	819716	2558	828933	0.23
2025-11-03T18:27:41.044Z	Included	auto	No	156391	1540	646894	2092	806917	0.37
2025-11-03T18:22:53.244Z	Included	auto	No	4446	1430	623056	1437	630369	0.17
2025-11-03T18:17:42.015Z	Included	auto	No	3695	1471	456159	1377	462702	0.13
2025-11-03T18:07:55.829Z	Included	auto	No	4097	1331	595589	1511	602528	0.16
2025-11-03T18:04:13.394Z	Included	auto	No	2494	1452	292511	1338	297795	0.09
2025-11-03T18:00:21.125Z	Included	auto	No	4001	1950	284224	1453	291628	0.09
2025-11-03T17:59:28.813Z	Included	auto	No	4088	1155	138555	281	144079	0.04
2025-11-03T17:48:52.710Z	Included	gpt-4o	No	0	1099	0	64	1163	0.003
2025-11-03T17:33:05.257Z	Included	auto	No	5696	1441	538586	1475	547198	0.15
2025-11-03T17:25:32.319Z	Included	auto	No	2756	1589	261877	1212	267434	0.08
2025-11-03T17:23:07.897Z	Included	auto	No	124015	1541	390125	1736	517417	0.26
2025-11-03T15:30:31.789Z	Included	auto	No	5849	1459	476639	1444	485391	0.14
2025-11-03T15:26:44.355Z	Included	auto	No	4044	1403	343504	1178	350129	0.10
2025-11-03T15:23:12.680Z	Included	auto	No	6287	1122	439119	1530	448058	0.13
2025-11-03T15:20:50.150Z	Included	auto	No	0	9686	100302	920	110908	0.04
2025-11-03T15:17:30.277Z	Included	auto	No	4817	1075	418765	1369	426026	0.12
2025-11-03T15:10:06.735Z	Included	auto	No	96728	1406	210125	1095	309354	0.18
2025-11-03T15:07:08.877Z	Included	auto	No	0	3944	496984	1259	502187	0.14
2025-11-03T15:03:01.708Z	Included	auto	No	0	87638	13766	311	101715	0.11
2025-11-03T14:54:34.365Z	Included	auto	No	0	449	677	11	1137	0.001
2025-11-03T13:44:59.624Z	Included	auto	No	13724	1701	728841	3518	747784	0.22
2025-11-03T13:39:43.298Z	Included	auto	No	0	6916	84662	864	92442	0.03
2025-11-03T13:31:11.721Z	Included	auto	No	78205	1189	7802	272	87468	0.10
2025-11-03T13:29:16.898Z	Included	auto	No	0	2360	166447	383	169190	0.05
2025-11-03T13:26:26.508Z	Included	auto	No	0	1706	83558	960	86224	0.03
2025-11-03T13:23:39.623Z	Included	auto	No	0	71489	13759	246	85494	0.09
2025-11-03T12:40:06.076Z	Included	auto	No	0	71022	333918	1111	406051	0.18
2025-11-03T12:09:30.566Z	Included	auto	No	0	63344	13756	712	77812	0.09
2025-11-03T11:29:02.515Z	Included	auto	No	7546	1505	339942	1879	350872	0.11
2025-11-03T11:18:45.223Z	Included	auto	No	13825	1776	300571	2142	318314	0.11
2025-11-03T10:40:53.170Z	Included	auto	No	50442	2274	471908	6629	531253	0.22
2025-11-03T10:20:24.986Z	Included	auto	No	0	2045	36506	1166	39717	0.02
2025-11-03T10:19:19.691Z	Included	auto	No	0	1175	1339	19	2533	0.002
2025-11-03T10:00:05.997Z	Included	auto	No	0	250566	13886	13505	277957	0.40
2025-11-03T09:20:37.036Z	Included	auto	No	0	244343	13056	12063	269462	0.38
